file,total_reqs,success_reqs,p50_ttft,p95_ttft,p99_ttft,mean_ttft,min_ttft,max_ttft,p50_lat,p95_lat,mean_lat,throughput,duration,max_inflight,concurrency,gpu_util,mem_util
results_test_run1.csv,500,500,0.40600000000267755,0.6880000000019209,0.6881500000019148,0.43090000000002326,0.26599999999598367,0.7030000000013388,9.039499999998952,9.265049999999246,9.010505999999966,10.989010989010989,45.5,,,,
results_test_run2.csv,5000,5000,48.38249999999971,49.46899999999732,49.81199999999808,35.430132799999924,0.3440000000045984,49.88999999999942,71.80500000000029,73.625,59.49770840000001,15.53774584598336,321.79700000000594,,,,
results_test_run3.csv,2000,2000,25.562999999994645,49.79699999999866,49.859010000003984,29.800161499999533,0.28100000000267755,49.90699999999924,49.85899999999674,73.625,52.988182,15.366175973446932,130.15600000000268,,,,
results_test_run4.csv,1000,1000,25.18800000000192,49.90699999999924,49.984000000004016,21.53167700000059,0.31199999999807915,50.0,49.562000000005355,67.43699999999808,44.19179700000039,14.719519554882146,67.93699999999808,,,,
results_test_run5.csv,100,100,0.4219999999986612,0.43800000000192085,0.43800000000192085,0.42049999999937426,0.2969999999986612,0.43800000000192085,9.171999999998661,9.18800000000192,9.17172999999908,10.864841373318423,9.203999999997905,,,,
results_test_run6.csv,200,200,0.4219999999986612,0.46899999999732245,0.46899999999732245,0.41703999999841473,0.2649999999994179,0.46899999999732245,8.890999999999622,9.093999999997322,8.93420999999933,11.091393078971183,18.031999999999243,,,,
results_test_run7.csv,300,300,0.43800000000192085,0.4850000000005821,0.5,0.41610666666621304,0.2649999999994179,0.5310000000026776,9.06300000000192,9.25,9.073969999999777,10.946508063926538,27.406000000002678,,,,
